accuracy,loss
0.6635000109672546,0.9559321999549866
