accuracy,loss
0.7294166684150696,0.821830153465271
