accuracy,loss
0.7005833387374878,0.9133124947547913
