iterations,accuracy,loss,val_accuracy,val_loss
1,0.5477864742279053,0.867071270942688,0.5843750238418579,0.6704998016357422
2,0.5428385138511658,0.8797794580459595,0.5927083492279053,0.6620194911956787
3,0.5770833492279053,0.786048948764801,0.590624988079071,0.6476631760597229
4,0.5894531011581421,0.8028694987297058,0.6192708611488342,0.6320691704750061
5,0.5752604007720947,0.862034797668457,0.7276041507720947,0.5702878832817078
6,0.5696614384651184,1.0085349082946777,0.6942708492279053,0.5956657528877258
