iterations,accuracy,loss,val_accuracy,val_loss
1,0.5266926884651184,0.828485906124115,0.6182291507720947,0.6607511639595032
2,0.559374988079071,0.8154582381248474,0.7119791507720947,0.6159341335296631
3,0.6092447638511658,0.7736820578575134,0.737500011920929,0.5321952700614929
4,0.6050781011581421,0.7098382115364075,0.6744791865348816,0.5934791564941406
5,0.6020833253860474,1.0591176748275757,0.7562500238418579,0.5211666226387024
6,0.6384114623069763,0.6817464828491211,0.75,0.5853903293609619
