iterations,accuracy,loss,val_accuracy,val_loss
1,0.4865885376930237,0.8746872544288635,0.5104166865348816,0.7152191400527954
2,0.4821614623069763,0.9053993821144104,0.5557291507720947,0.6863107681274414
3,0.5194010138511658,0.7489603757858276,0.5447916388511658,0.6815837025642395
4,0.48033854365348816,1.1005011796951294,0.6682291626930237,0.6783672571182251
5,0.5723958611488342,0.7014405727386475,0.6677083373069763,0.6236488223075867
6,0.46471354365348816,1.400632381439209,0.528124988079071,0.6760634779930115
