iterations,accuracy,loss,val_accuracy,val_loss
1,0.5020833611488342,0.8769934773445129,0.4880208373069763,0.7023836374282837
2,0.5106770992279053,0.8870131373405457,0.4869791567325592,0.6956840753555298
3,0.5052083134651184,0.82719486951828,0.5588541626930237,0.6856297850608826
4,0.5062500238418579,0.8396211862564087,0.4911458194255829,0.7285548448562622
5,0.48684895038604736,1.040297269821167,0.4921875,0.6887959241867065
6,0.517578125,0.8212477564811707,0.5625,0.6784874200820923
