iterations,accuracy,loss,val_accuracy,val_loss
1,0.5169270634651184,0.8221393823623657,0.5020833611488342,0.6890445947647095
2,0.529296875,0.8391591906547546,0.5015624761581421,0.6897547245025635
3,0.596484363079071,0.753097414970398,0.7578125,0.5421634316444397
4,0.6348958611488342,0.7428780794143677,0.7807291746139526,0.5377874374389648
5,0.6440104246139526,0.9004215598106384,0.7979166507720947,0.469178706407547
6,0.6686198115348816,0.6628258228302002,0.7578125,0.4906759560108185
