accuracy,loss
0.7704166769981384,0.823470950126648
